email,ticket_text
manjubhargavramisetty@gmail.com,Intermittent VPN dropouts for remote users during sessions.
manjubhargavramisetty@gmail.com,Email notifications sometimes delayed by several hours.
violet.howard80@assistly.org,Need approval for new software license purchase.
violet.howard89@fixitnow.co,Database connection timed out during peak usage hours.
zoey.watson35@supporthub.com,Deploy chatbot update to handle new customer queries.
jack.scott15@techmail.com,Need help setting up dual monitor display on office desktop.
benjamin.walker90@fixitnow.co,Need to reset my password as I forgot the old one.
stella.bailey33@helpdeskpro.net,System is freezing frequently while generating reports.
harper.murphy66@fixitnow.co,Billing module not responding to client requests.
chloe.wright49@techmail.com,Request for laptop replacement due to performance issues.
scarlett.ward62@supporthub.com,Load balancer not distributing requests evenly.
riley.morgan65@assistly.org,Need installation of MS Office suite on my workstation.
jack.scott75@techmail.com,Request to upgrade the database to the latest PostgreSQL version.
michael.jones92@assistly.org,Mobile app logs out users automatically after a few minutes.
ryan.smith20@techmail.com,VPN is not connecting for remote employees.
aiden.henderson22@supporthub.com,Request for access to production logs for troubleshooting.
benjamin.walker16@fixitnow.co,Several users cannot access their dashboards due to a backend issue.
theo.long68@helpdeskpro.net,Network latency is extremely high affecting video calls.
mia.moore18@assistly.org,Security scanner detects false positives on updated software.
ava.anderson2@fixitnow.co,The ticketing tool is not sending confirmation emails.
benjamin.walker13@helpdeskpro.net,Search function in customer portal returns incomplete results.
alex.jordan48@fixitnow.co,Scheduled jobs failed to run overnight.
ryan.smith5@assistly.org,Intermittent 404 errors on customer-facing website pages.
lucy.hughes20@fixitnow.co,Users experiencing slow response times from the ERP system.
jack.scott23@fixitnow.co,Recurring problem with task scheduling service not running properly.
ella.robinson77@fixitnow.co,Schedule deployment of the latest build to production environment.
violet.howard70@helpdeskpro.net,Slow performance when uploading attachments in support portal.
riley.morgan64@assistly.org,Update logging mechanism to use centralized monitoring tool.
william.cook37@assistly.org,CRM system is not loading contact data correctly.
sophia.brown13@assistly.org,Need installation of database client on local machine.
lily.green24@techmail.com,Change storage allocation limits for engineering team.
daniel.king83@supporthub.com,Implement SSL certificate renewal for all subdomains.
carter.lee99@helpdeskpro.net,Change workflow approval structure in HR system.
samuel.carter30@fixitnow.co,Payment gateway occasionally rejects valid transactions.
scarlett.ward44@supporthub.com,Change the default homepage layout for marketing campaigns.
zoey.watson74@assistly.org,Update security rules for inbound traffic in cloud firewall.
zoey.watson1@supporthub.com,Some emails marked as spam even though domain is verified.
isabella.white9@supporthub.com,Please configure email account for new employee John Smith.
jacob.foster43@helpdeskpro.net,The notification service stopped sending alerts.
mia.moore58@helpdeskpro.net,CPU usage spikes on report generation server regularly.
mia.moore48@assistly.org,Users report missing records from the inventory database.
isabella.white48@fixitnow.co,Please install Adobe Photoshop for the design team.
amelia.clark69@fixitnow.co,Please provide access to the analytics dashboard for new interns.
chloe.wright14@helpdeskpro.net,Requesting permission to use VPN for remote work.
liam.miller92@techmail.com,Recurring issue with authentication service during high load.
noah.thomas58@supporthub.com,Request for temporary admin access to system settings.
violet.howard49@assistly.org,Modify the company email template with updated branding.
scarlett.ward59@helpdeskpro.net,System memory leak identified in logging service.
natalie.morris11@techmail.com,Login authentication is failing for multiple employees.
hannah.turner99@techmail.com,Reports generated show inconsistent totals for same data.
jackson.bennett55@assistly.org,Finance department unable to access ERP dashboard.
liam.miller93@helpdeskpro.net,Frequent disconnections reported on company Wi-Fi network.
violet.howard83@fixitnow.co,Inconsistent report outputs across different user accounts.
sophia.brown87@supporthub.com,Random API request failures without consistent error patterns.
henry.allen9@helpdeskpro.net,Requesting new headset for online meetings.
sophia.brown42@fixitnow.co,Our payment system is not processing transactions properly.
ryan.smith76@assistly.org,Request for additional storage space in Google Drive.
natalie.morris82@fixitnow.co,Unable to download reports from internal portal.
luna.hughes71@helpdeskpro.net,The file server is not responding to access requests.
nora.richardson99@assistly.org,Website is showing an internal server error for all visitors.
david.evans94@supporthub.com,Request to whitelist external partner domain for collaboration.
ryan.smith84@techmail.com,Please enable screen sharing feature on conference room PC.
olivia.taylor61@supporthub.com,Please configure my account with MFA security settings.
ella.cooper74@fixitnow.co,Data import job aborted midway due to script errors.
jack.scott82@fixitnow.co,Upgrade network switches in the data center to improve throughput.
luna.hughes45@techmail.com,Please help with setup of email forwarding rules.
nora.richardson2@techmail.com,Server CPU usage reached 100% causing service disruption.
violet.howard16@fixitnow.co,Change firewall configuration to allow new API endpoints.
riley.morgan78@assistly.org,Please create a new shared folder for the HR department.
amelia.clark37@fixitnow.co,Need help with connecting wireless printer in lab area.
daniel.king11@helpdeskpro.net,Request to update team members list on intranet site.
david.evans71@supporthub.com,The email service stopped working unexpectedly this morning.
emma.wilson24@helpdeskpro.net,Please configure Slack integration for project management tool.
henry.allen76@fixitnow.co,Database connection pool exhaustion occurs daily around noon.
henry.allen14@helpdeskpro.net,Reoccurring crash when uploading PDF documents in CRM.
elijah.wood36@fixitnow.co,Periodic freezing in analytics dashboard when filters applied.
jack.scott46@fixitnow.co,Update CI/CD pipeline to enable automated rollback feature.
theo.long10@supporthub.com,Inconsistent timestamps appearing in audit trail logs.
jackson.bennett93@helpdeskpro.net,Need a new email group for project Alpha team members.
ethan.harris10@helpdeskpro.net,Critical data synchronization failed between two systems.
nathan.brooks6@fixitnow.co,Update backup policy to include daily incremental backups.
nathan.brooks1@supporthub.com,Modify the VPN configuration to support additional users.
michael.jones95@fixitnow.co,Users facing duplicate record creation when submitting forms.
ethan.harris75@fixitnow.co,Request for access to the QA testing environment.
riley.morgan64@supporthub.com,Data export feature failing intermittently without error message.
liam.miller14@assistly.org,Customer portal is displaying blank pages after login.
mia.moore72@techmail.com,Website homepage keeps redirecting to an error page.
lucy.hughes58@fixitnow.co,Add monitoring for new application servers in AWS environment.
hannah.turner40@helpdeskpro.net,The application server is down and users are unable to log in.
amelia.clark99@fixitnow.co,Need access to internal documentation repository.
jacob.foster22@helpdeskpro.net,Printer server is offline and not available to any user.
theo.long79@techmail.com,Implement a new password policy across all departments.
nora.richardson90@fixitnow.co,Web application showing a white screen after sign-in.
daniel.king14@supporthub.com,Upgrade the CRM system to include the analytics module.
owen.parker38@techmail.com,Change DNS configuration for migrated application domains.
jack.scott40@supporthub.com,Application crashes every time a user uploads a file.
luna.hughes35@helpdeskpro.net,API requests are failing with 500 error codes.
ryan.smith27@fixitnow.co,Main website not reachable from external network.
riley.morgan64@fixitnow.co,Deploy new microservice for order management feature.
jackson.bennett49@assistly.org,Data synchronization inconsistencies between main and backup servers.
